<?xml version="1.0" encoding="UTF-8"?>

<!DOCTYPE log4j:configuration PUBLIC "-//APACHE//DTD LOG4J 1.2//EN" 
	"http://logging.apache.org/log4j/1.2/apidocs/org/apache/log4j/xml/doc-files/log4j.dtd">
<log4j:configuration xmlns:log4j="http://jakarta.apache.org/log4j/">



	<!-- Appenders -->
	<appender name="console" class="org.apache.log4j.ConsoleAppender">
		<param name="Target" value="System.out" />
		<layout class="org.apache.log4j.PatternLayout">
			<param name="ConversionPattern" value="%d{yyyy-MM-dd HH:mm:ss} %-5p %c{1}:%L - %m%n"  />
		</layout>
	</appender>
	
	
	 <!-- 파일에 출력하기 -->
    <appender name="monitor" class="org.apache.log4j.RollingFileAppender">  
        <param name="append" value="false" />  
        <param name="maxFileSize" value="10KB" />  
        <param name="maxBackupIndex" value="5" />  
        <param name="file" value="c:/logs/monitor.log" />  
        <layout class="org.apache.log4j.PatternLayout">  
            <param name="ConversionPattern" value="%d{yyyy-MM-dd HH:mm:ss} %-5p %c{1}:%L - %m%n" /> 
        </layout> 
        <filter class="org.apache.log4j.varia.LevelRangeFilter">
            <param name="LevelMin" value="info" />  
            <param name="LevelMax" value="info" />  
        </filter>  
    </appender>    
     <appender name="audit" class="org.apache.log4j.RollingFileAppender">  
        <param name="append" value="false" />  
        <param name="maxFileSize" value="10KB" />  
        <param name="maxBackupIndex" value="5" />  
        <param name="file" value="c:/logs/audit.log" />  
        <layout class="org.apache.log4j.PatternLayout">  
            <param name="ConversionPattern" value="%d{yyyy-MM-dd HH:mm:ss} %-5p %c{1}:%L - %m%n" />  
        </layout>  
        <filter class="org.apache.log4j.varia.LevelRangeFilter"> 
            <param name="LevelMin" value="warn" />  
            <param name="LevelMax" value="warn" />  
        </filter> 
    </appender>  
    
	<!-- Application Loggers -->
	<logger name="com.springmvc">
		<level value="info" />
		<appender-ref ref="console" />
		<appender-ref ref="audit" />
	</logger>
	
	<!-- 3rdparty Loggers -->
	<logger name="org.springframework.core">
		<level value="info" />
	</logger>
	
	<logger name="org.springframework.beans">
		<level value="info" />
	</logger>
	
	<logger name="org.springframework.context">
		<level value="info" />
	</logger>

	<logger name="org.springframework.web">
		<level value="info" />
	</logger>

	<!-- Root Logger -->
	<root>
		<priority value="warn" />
		<appender-ref ref="info" />
	</root>
	
</log4j:configuration>
